<?xml version="1.0" encoding="UTF-8"?>
<!DOCTYPE plist PUBLIC "-//Apple//DTD PLIST 1.0//EN" "http://www.apple.com/DTDs/PropertyList-1.0.dtd">
<plist version="1.0">
<dict>
	<key>files</key>
	<dict>
		<key>version.plist</key>
		<data>
		IejBX0rVKy+UwKMuMfz3eGaQlwM=
		</data>
	</dict>
	<key>files2</key>
	<dict>
		<key>PlugIns/AirPortAtheros40.kext</key>
		<dict>
			<key>cdhash</key>
			<data>
			ZGR6BUrHEIYJg4t33lkY9bW8nDM=
			</data>
			<key>requirement</key>
			<string>identifier "com.apple.driver.AirPort.Atheros40" and anchor apple</string>
		</dict>
		<key>PlugIns/AirPortBrcm4331.kext</key>
		<dict>
			<key>cdhash</key>
			<data>
			5i4Okql2nuncBQogQMMyMvEzjBQ=
			</data>
			<key>requirement</key>
			<string>identifier "com.apple.driver.AirPort.Brcm4331" and anchor apple</string>
		</dict>
		<key>PlugIns/AirPortBrcm4360.kext</key>
		<dict>
			<key>cdhash</key>
			<data>
			vyTgqzz6V8xurbmyHWIMBtrODac=
			</data>
			<key>requirement</key>
			<string>identifier "com.apple.driver.AirPort.Brcm4360" and anchor apple</string>
		</dict>
		<key>PlugIns/AirPortBrcmNIC.kext</key>
		<dict>
			<key>cdhash</key>
			<data>
			pQDC+p6UbmEX1nhHuAAxNzvRFKc=
			</data>
			<key>requirement</key>
			<string>identifier "com.apple.driver.AirPort.BrcmNIC" and anchor apple</string>
		</dict>
		<key>PlugIns/IO80211NetBooter.kext</key>
		<dict>
			<key>cdhash</key>
			<data>
			w4TLau8Hgq6eBXeQB4/kMBE2UaY=
			</data>
			<key>requirement</key>
			<string>identifier "com.apple.driver.IO80211NetBooter" and anchor apple</string>
		</dict>
		<key>version.plist</key>
		<dict>
			<key>hash2</key>
			<data>
			XAcJWoTCTLUmy708SBKxEPkJRDR7dwp5wa2LJhKpzqw=
			</data>
		</dict>
	</dict>
	<key>rules</key>
	<dict>
		<key>^Resources/</key>
		<true/>
		<key>^Resources/.*\.lproj/</key>
		<dict>
			<key>optional</key>
			<true/>
			<key>weight</key>
			<real>1000</real>
		</dict>
		<key>^Resources/.*\.lproj/locversion.plist$</key>
		<dict>
			<key>omit</key>
			<true/>
			<key>weight</key>
			<real>1100</real>
		</dict>
		<key>^Resources/Base\.lproj/</key>
		<dict>
			<key>weight</key>
			<real>1010</real>
		</dict>
		<key>^version.plist$</key>
		<true/>
	</dict>
	<key>rules2</key>
	<dict>
		<key>.*\.dSYM($|/)</key>
		<dict>
			<key>weight</key>
			<real>11</real>
		</dict>
		<key>^(.*/)?\.DS_Store$</key>
		<dict>
			<key>omit</key>
			<true/>
			<key>weight</key>
			<real>2000</real>
		</dict>
		<key>^(Frameworks|SharedFrameworks|PlugIns|Plug-ins|XPCServices|Helpers|MacOS|Library/(Automator|Spotlight|LoginItems))/</key>
		<dict>
			<key>nested</key>
			<true/>
			<key>weight</key>
			<real>10</real>
		</dict>
		<key>^.*</key>
		<true/>
		<key>^Info\.plist$</key>
		<dict>
			<key>omit</key>
			<true/>
			<key>weight</key>
			<real>20</real>
		</dict>
		<key>^PkgInfo$</key>
		<dict>
			<key>omit</key>
			<true/>
			<key>weight</key>
			<real>20</real>
		</dict>
		<key>^Resources/</key>
		<dict>
			<key>weight</key>
			<real>20</real>
		</dict>
		<key>^Resources/.*\.lproj/</key>
		<dict>
			<key>optional</key>
			<true/>
			<key>weight</key>
			<real>1000</real>
		</dict>
		<key>^Resources/.*\.lproj/locversion.plist$</key>
		<dict>
			<key>omit</key>
			<true/>
			<key>weight</key>
			<real>1100</real>
		</dict>
		<key>^Resources/Base\.lproj/</key>
		<dict>
			<key>weight</key>
			<real>1010</real>
		</dict>
		<key>^[^/]+$</key>
		<dict>
			<key>nested</key>
			<true/>
			<key>weight</key>
			<real>10</real>
		</dict>
		<key>^embedded\.provisionprofile$</key>
		<dict>
			<key>weight</key>
			<real>20</real>
		</dict>
		<key>^version\.plist$</key>
		<dict>
			<key>weight</key>
			<real>20</real>
		</dict>
	</dict>
</dict>
</plist>
